"2","Analogico","1","LATINA"
"3","Analogico","1","LATINCABLE"
"4","Analogico","1","AMERICA"
"5","Analogico","1","PANAMERICANA"
"6","Analogico","1","WILLAX"
"7","Analogico","1","TV PERU"
"8","Analogico","1","EXITOSA"
"9","Analogico","1","ATV"
"10","Analogico","1","TELELIMA"
"11","Analogico","1","ATV +"
"12","Analogico","1","TELEMUNDO"
"13","Analogico","1","GLOBAL"
"14","Analogico","1","TLNOVELAS"
"15","Analogico","1","PASIONES"
"16","Analogico","1","LAS ESTRELLAS"
"17","Analogico","1","KANAL D DRAMA"
"18","Analogico","1","H&H"
"19","Analogico","1","FOLKLORE TV"
"20","Analogico","1","COMEDY CENTRAL"
"21","Analogico","1","ENTERTAINMENT"
"22","Analogico","1","LIGA1"
"23","Analogico","1","LIGA1 MAX"
"24","Analogico","1","FOXSPORT 2"
"25","Analogico","1","FOXSPORT 3"
"26","Analogico","1","ESPN"
"27","Analogico","1","ESPN 2"
"28","Analogico","1","ESPN 3"
"29","Analogico","1","ESPN 4"
"30","Analogico","1","HISTORY"
"31","Analogico","1","NATIONAL GEOGRAFI"
"32","Analogico","1","DISCOVERY THEATHER"
"33","Analogico","1","HISTORY 2"
"34","Analogico","1","HGTV"
"35","Analogico","1","ID DISCOVERY"
"36","Analogico","1","DISCOVERY TURBO"
"37","Analogico","1","DISCOVERY SCIENCE"
"38","Analogico","1","ANIMAL PLANET"
"39","Analogico","1","DISCOVERY"
"40","Analogico","1","DISCOVERY KIDS"
"41","Analogico","1","IPE"
"42","Analogico","1","FUN BOX"
"43","Analogico","1","NICKELODEON"
"44","Analogico","1","NICK JR"
"45","Analogico","1","FMHKIDS"
"46","Analogico","1","DISNEY JUNIOR"
"47","Analogico","1","DISNEY CHANNEL"
"48","Analogico","1","CLAN"
"49","Analogico","1","STAR CHANNEL"
"50","Analogico","1","CLOVER CHANNEL"
"51","Analogico","1","FX"
"52","Analogico","1","FMH MOVIES"
"53","Analogico","1","STUDIO UNIVERSAL"
"54","Analogico","1","CINECANAL"
"55","Analogico","1","GOLDEN PLUS"
"56","Analogico","1","GOLDEN EDGE"
"57","Analogico","1","CINE LATINO"
"58","Analogico","1","WARNER"
"59","Analogico","1","SONY MOVIES"
"60","Analogico","1","DPELICULA"
"61","Analogico","1","PARAMOUNT"
"62","Analogico","1","AXN"
"63","Analogico","1","CINEMAX"
"64","Analogico","1","WESTV"
"65","Analogico","1","TOP LATINO"
"66","Analogico","1","MTV"
"67","Analogico","1","MTV2"
"68","Analogico","1","KARIBEÑA"
"69","Analogico","1","ODTV HD"
"70","Analogico","1","RT RUSIA"
"71","Analogico","1","TVE AMERICA"
"72","Analogico","1","24H"
"73","Analogico","1","FRANCE 24"
"74","Analogico","1","UNIVISION"
"75","Analogico","1","SUN CHANNEL"
"76","Analogico","1","DW"
"77","Analogico","1","EWTN"
"78","Analogico","1","BETHEL"
"79","Analogico","1","ENLACE"
"80","Analogico","1","LIFE TIME"
"82","Digital","2","LATINA"
"83","Digital","2","LATINCABLE"
"84","Digital","2","AMERICA"
"85","Digital","2","WILLAX"
"86","Digital","2","PANAMERICANA "
"87","Digital","2","TV PERU"
"88","Digital","2","TELELIMA"
"89","Digital","2","FOLKLORE TV"
"90","Digital","2","NATIVA"
"91","Digital","2","ATV "
"92","Digital","2","EXITOSA"
"93","Digital","2","ATV NOTICIAS"
"94","Digital","2","GLOBAL"
"95","Digital","2","ODTV HD"
"96","Digital","2","LA TELE"
"97","Digital","2","KANAL D DRAMA"
"98","Digital","2","TELEMUNDO"
"99","Digital","2","TELEMUNDO SD"
"100","Digital","2","TLNOVELAS"
"101","Digital","2","LAS ESTRELLAS"
"102","Digital","2","PASIONES"
"103","Digital","2","UNIVISION"
"104","Digital","2","HGTV"
"105","Digital","2","COMEDY CENTRAL"
"106","Digital","2","H&H"
"107","Digital","2","CONECTA2 TV"
"108","Digital","2","STAR TVE"
"109","Digital","2","SPORTS MAX"
"110","Digital","2","TITAN CHANNEL"
"111","Digital","2","LIGA1"
"112","Digital","2","LIGA1 MAX"
"113","Digital","2","FOXSPORT 2"
"114","Digital","2","FOXSPORT 3"
"115","Digital","2","ESPN"
"116","Digital","2","ESPN 2"
"117","Digital","2","ESPN 3"
"118","Digital","2","ESPN 4"
"119","Digital","2","TELEREBELDE"
"120","Digital","2","HISTORY"
"121","Digital","2","NATIONAL GEOGRAFI"
"122","Digital","2","AGROTENDENCIA"
"123","Digital","2","DISCOVERY"
"124","Digital","2","DISCOVERY SD"
"125","Digital","2","ANIMAL PLANET"
"126","Digital","2","DISCOVERY ID"
"127","Digital","2","DISCOVERY SCIENCE"
"128","Digital","2","HISTORY 2"
"129","Digital","2","DISCOVERY  TURBO"
"130","Digital","2","DISCOVERY THEATHER"
"131","Digital","2","IPE"
"132","Digital","2","DISCOVERY KIDS"
"133","Digital","2","FUN BOX"
"134","Digital","2","DISNEY CHANNEL"
"135","Digital","2","DISNEY JUNIOR"
"136","Digital","2","NICKELODEON"
"137","Digital","2","NICK JR"
"138","Digital","2","FMHKIDS"
"139","Digital","2","CLAN"
"140","Digital","2","STAR CHANNEL"
"141","Digital","2","STUDIO UNIVERSAL"
"142","Digital","2","CLOVER CHANNEL"
"143","Digital","2","FX"
"144","Digital","2","CINECANAL"
"145","Digital","2","SONY MOVIES"
"146","Digital","2","FMH FAMILY"
"147","Digital","2","FMH MOVIES"
"148","Digital","2","GOLDEN"
"149","Digital","2","GOLDEN EDGE"
"150","Digital","2","DPELICULA"
"151","Digital","2","ODTV2"
"152","Digital","2","REWIND"
"153","Digital","2","CINE LATINO"
"154","Digital","2","PARAMOUNT"
"155","Digital","2","WARNER"
"156","Digital","2","WESTV"
"157","Digital","2","CINEMAX"
"158","Digital","2","SONY  "
"159","Digital","2","UNIVERSAL"
"160","Digital","2","AXN"
"161","Digital","2","SYFY"
"162","Digital","2","MIAMI TV"
"163","Digital","2","SUN CHANNEL"
"164","Digital","2","RT RUSIA"
"165","Digital","2","VIVA TV"
"166","Digital","2","TVE AMERICA"
"167","Digital","2","24H"
"168","Digital","2","CGTV ESP"
"169","Digital","2","TELESUR"
"170","Digital","2","DW"
"171","Digital","2","FRANCE 24"
"172","Digital","2","USMPTV"
"173","Digital","2","EWTN"
"174","Digital","2","ENLACE"
"175","Digital","2","NUEVO TIEMPO"
"176","Digital","2","BETHEL"
"177","Digital","2","ENTERTAINMENT"
"178","Digital","2","A&E"
"179","Digital","2","MTV"
"180","Digital","2","RETRO PLUS "
"181","Digital","2","TOP LATINO"
"182","Digital","2","KARIBEÑA"
"183","Digital","2","USMPTV MUSICA"
"184","Digital","2","TROPICAL MOON"
"185","Digital","2","MTV HIT"
"186","Digital","2","MTV"
"187","Digital","2","TELEHIT"
"188","Digital","2","RADIO Z"
"189","Digital","2","RADIO RPP"
"190","Digital","2","RADIO STUDIO92"
"191","Digital","2","RADIO OXIGENO"
"192","Digital","2","BETHEL RADIO"
"193","Digital","2","RADIO LA ZONA"
"194","Digital","2","RADIO LA MEGA"
"195","Digital","2","RADIO FELICIDAD"
"196","Digital","2","RADIO ONDA DIGITAL"
"197","Digital","2","RADIO HABANA"
"198","Digital","2","RADIO INDICICLOPEDIA"
